slug,lab,text,posted
transfer-decision-checklist,career,キャリア研究所で、ひとつ調べてみました。 /  / 転職すべきか迷ったら見る、判断基準の整理法 /  / 「今の会社が嫌だから辞めたい」で動くと高確率で後悔する。会社への不満か、仕事内容への不満かを切り分けるための3つの質問を紹介する。 /  / 続きはプロフィールのリンクから。,FALSE
chatgpt-vs-claude,ai,AI研究所で、ひとつ調べてみました。 /  / ChatGPTとClaude、結局どっちを使えばいいのか /  / 「どっちが優れているか」ではなく「どんな使い方ならどっちが向いているか」で考えると選びやすくなる。AI初心者向けに、実用面での違いを整理する。 /  / 続きはプロフィールのリンクから。,FALSE
nursery-prep-checklist,childcare,育児研究所で、ひとつ調べてみました。 /  / 保育園の入園準備、何から手をつければいいか /  / 入園が決まった直後は情報が多く焦りやすい。何を、いつ、どの順番で準備すればいいかを、家庭ごとの事情に左右されない基本の流れとして整理する。 /  / 続きはプロフィールのリンクから。,FALSE
why-english-study-fails,english,英語研究所で、ひとつ調べてみました。 /  / 英語学習が続かない理由を、仕組みの問題として捉え直す /  / 「意志が弱いから続かない」と片づける前に、インプット量と復習のタイミングという2つの仕組みの問題として学習を見直す視点を紹介する。 /  / 続きはプロフィールのリンクから。,FALSE
variable-vs-fixed-rate,money,お金研究所で、ひとつ調べてみました。 /  / 変動金利と固定金利、損得ではなく何で判断するか /  / 変動金利と固定金利は、どちらが得かという問いに正解がない。家計の余力・借入期間・金利上昇時の対応力という3つの軸で判断する考え方を整理する。 /  / 続きはプロフィールのリンクから。,FALSE
transfer-notice-first-steps,career,キャリア研究所で、ひとつ調べてみました。 /  / 異動辞令が来たとき、まず確認したいこと /  / 異動辞令を受け取った直後は動揺しやすい。感情的な受け止め方の前に、実務として確認しておきたい項目をチェックリストとして整理する。 /  / 続きはプロフィールのリンクから。,FALSE
one-prompt-framework,ai,AI研究所で、ひとつ調べてみました。 /  / プロンプトの「型」を1つ覚えるだけで、AIとの仕事は変わる /  / 毎回ゼロから文章を考えてAIに指示するのは非効率になりやすい。基本的な型を1つ覚えるだけで、指示の精度と再現性が上がるという考え方を紹介する。 /  / 続きはプロフィールのリンクから。,FALSE
nursery-settling-in-period,childcare,育児研究所で、ひとつ調べてみました。 /  / 保育園の「慣らし保育」、乗り切るための実務知識 /  / 慣らし保育は期間も進み方も家庭や園によって差がある。一般的な目安と、職場復帰のタイミングとの擦り合わせ方を実務的に整理する。 /  / 続きはプロフィールのリンクから。,FALSE
toeic-score-plateau,english,英語研究所で、ひとつ調べてみました。 /  / TOEICスコアが伸びない人に共通する、学習の偏り /  / 一定期間勉強しているのにTOEICスコアが伸びない場合、単語量ではなく学習配分の偏りが原因になっていることが多い。偏りを把握する視点を整理する。 /  / 続きはプロフィールのリンクから。,FALSE
fx-margin-trading-basics,money,お金研究所で、ひとつ調べてみました。 /  / FXとは何か、始める前に理解しておきたい仕組みとリスク /  / FX（外国為替証拠金取引）は少額で始められる一方、レバレッジにより損失も拡大しやすい。仕組みとリスク、検討する際の判断材料を中立的に整理する。 /  / 続きはプロフィールのリンクから。,FALSE
nursing-care-job-first-step,career,キャリア研究所で、ひとつ調べてみました。 /  / 介護職という選択肢、未経験・ブランクからでも始めやすい理由 /  / 介護職は人手不足のイメージが先行しがちだが、未経験・ブランクありでも間口が広い分野でもある。実際の入職ルートと制度上の注意点を整理する。 /  / 続きはプロフィールのリンクから。,FALSE
ai-work-consultation-prompts,ai,AI研究所で、ひとつ調べてみました。 /  / AIに仕事の相談をするときのプロンプトの作り方 /  / 仕事の悩みをAIに相談しても、漠然とした回答しか返ってこないことがある。相談の質を上げるための情報の渡し方を整理する。 /  / 続きはプロフィールのリンクから。,FALSE
dual-income-morning-routine,childcare,育児研究所で、ひとつ調べてみました。 /  / 共働き家庭の朝の時短ルーティン、実際にやっている工夫 /  / 共働き家庭の朝は、保育園の準備と身支度が重なり慌ただしくなりやすい。前日の準備や役割分担など、実際に取り入れられている工夫を整理する。 /  / 続きはプロフィールのリンクから。,FALSE
online-english-trial-comparison,english,英語研究所で、ひとつ調べてみました。 /  / オンライン英会話、無料体験で比較すべき3つのポイント /  / オンライン英会話の無料体験は、料金や講師の印象だけで比較すると選び方を誤りやすい。体験時に確認しておきたい3つの視点を整理する。 /  / 続きはプロフィールのリンクから。,FALSE
nisa-before-you-start,money,お金研究所で、ひとつ調べてみました。 /  / NISAを始める前に確認しておきたい3つのこと /  / NISAは非課税で投資できる制度だが、始める前に非課税枠の仕組み・資金を使わない期間・投資枠の使い分けを確認しておくと判断しやすくなる。 /  / 続きはプロフィールのリンクから。,FALSE
resume-screening-basics,career,キャリア研究所で、ひとつ調べてみました。 /  / 職務経歴書、書類選考を通過させるための基本形 /  / 職務経歴書は経歴を並べるだけでは通過率が上がりにくい。採用担当者が短時間で判断できる基本の型を整理する。 /  / 続きはプロフィールのリンクから。,FALSE
automate-meeting-notes-with-free-ai,ai,AI研究所で、ひとつ調べてみました。 /  / 無料AIツールだけで議事録作成を自動化する方法 /  / 議事録作成は手間がかかる作業の一つだが、無料枠のあるAIツールを組み合わせるだけでも、録音・文字起こし・要約までを自動化しやすい。 /  / 続きはプロフィールのリンクから。,FALSE
kids-lessons-when-to-start,childcare,育児研究所で、ひとつ調べてみました。 /  / 子どもの習い事、始める時期の目安と選び方 /  / 子どもの習い事は種類によって始めやすい時期の傾向が異なる。一般的な目安と、家庭ごとに判断が分かれる選び方の視点を整理する。 /  / 続きはプロフィールのリンクから。,FALSE
parent-child-english-learning,english,英語研究所で、ひとつ調べてみました。 /  / 親子で英語を学ぶメリット・デメリット、始める前に知っておきたいこと /  / 親子での英語学習には発音や抵抗感の面でメリットがある一方、効果には個人差もある。始める前に知っておきたい研究の現状とデメリットを整理する。 /  / 続きはプロフィールのリンクから。,FALSE
budget-app-simple-habit,money,お金研究所で、ひとつ調べてみました。 /  / 家計簿アプリ、続けるためのシンプルな使い方 /  / 家計簿アプリは多機能なほど挫折しやすい。続けること自体を目的にした、シンプルな使い方の考え方を整理する。 /  / 続きはプロフィールのリンクから。,FALSE
interview-reverse-questions,career,キャリア研究所で、ひとつ調べてみました。 /  / 面接の逆質問、何を聞けば評価が上がるか /  / 面接の最後に聞かれる「何か質問はありますか」は、意欲を確認する場ではなく評価の材料になっている。評価につながりやすい逆質問の作り方を整理する。 /  / 続きはプロフィールのリンクから。,FALSE
ai-contract-review-caution,ai,AI研究所で、ひとつ調べてみました。 /  / AIに契約書チェックを頼むときの注意点 /  / AIに契約書のチェックを任せると効率は上がるが、法的な最終判断まで委ねると見落としのリスクがある。頼み方と注意点を整理する。 /  / 続きはプロフィールのリンクから。,FALSE
kids-smartphone-when-to-start,childcare,育児研究所で、ひとつ調べてみました。 /  / 子供にスマホをいつから持たせるか、判断基準 /  / 子供にスマホを持たせる平均年齢は年々下がっているが、平均に合わせることが目的ではない。年齢の目安と、判断に使える視点を整理する。 /  / 続きはプロフィールのリンクから。,FALSE
self-study-english-give-up-reasons,english,英語研究所で、ひとつ調べてみました。 /  / 英語の独学で挫折する理由と、続けるための工夫 /  / 英語の独学は、学習内容そのものよりも「一人で進めること」自体が挫折の原因になりやすい。独学特有の壁と、乗り越えるための工夫を整理する。 /  / 続きはプロフィールのリンクから。,FALSE
furusato-nozei-first-time,money,お金研究所で、ひとつ調べてみました。 /  / ふるさと納税、初めてでも失敗しない手順 /  / ふるさと納税は制度改正が続いており、以前の情報のまま進めると失敗しやすい。初めての人が押さえておきたい最新の手順と注意点を整理する。 /  / 続きはプロフィールのリンクから。,FALSE
resignation-agency-when-to-use,career,キャリア研究所で、ひとつ調べてみました。 /  / 退職代行、使うべきかどうかの判断基準 /  / 退職代行には弁護士・労働組合・民間業者という異なる運営形態があり、できることが法的に異なる。利用を検討する前に知っておきたい違いを整理する。 /  / 続きはプロフィールのリンクから。,FALSE
claude-projects-getting-started,ai,AI研究所で、ひとつ調べてみました。 /  / Claude Projectsの使い方、業務効率化の第一歩 /  / Claude Projectsは、ナレッジとカスタム指示をひとまとめにして会話を進められる機能である。基本的な使い方と、業務で活かすための考え方を整理する。 /  / 続きはプロフィールのリンクから。,FALSE
tantrum-phase-how-long,childcare,育児研究所で、ひとつ調べてみました。 /  / イヤイヤ期はいつまで続く？親ができる対処法 /  / イヤイヤ期の時期や長さには個人差があるが、一般的な目安を知っておくと見通しが立てやすくなる。よく挙げられる対処法もあわせて整理する。 /  / 続きはプロフィールのリンクから。,FALSE
shadowing-effective-method,english,英語研究所で、ひとつ調べてみました。 /  / シャドーイングの効果的なやり方、続かない人向け /  / シャドーイングは効果を感じるまで時間がかかりやすく、途中でやめてしまう人も多い。効果的な進め方と、継続するための工夫を整理する。 /  / 続きはプロフィールのリンクから。,FALSE
ideco-disadvantages-before-starting,money,お金研究所で、ひとつ調べてみました。 /  / iDeCoのデメリット、始める前に知っておくこと /  / iDeCoは税制優遇が注目されがちだが、始める前にデメリットも押さえておく必要がある。引き出し制限・手数料・元本割れリスクを整理する。 /  / 続きはプロフィールのリンクから。,FALSE
multiple-recruiting-agencies,career,キャリア研究所で、ひとつ調べてみました。 /  / 転職エージェント、複数使うべきかどうかの判断 /  / 転職エージェントは複数登録すべきか、1社に絞るべきか迷う人は多い。併用のメリット・デメリットと、上手な使い分け方を整理する。 /  / 続きはプロフィールのリンクから。,FALSE
ai-chatbot-side-business,ai,AI研究所で、ひとつ調べてみました。 /  / AIチャットボットを副業に活用する方法、始め方 /  / AIチャットボットの構築を副業にする動きが広がっているが、収益を保証するものではない。必要なスキルと、始める前に押さえておきたい現実的な視点を整理する。 /  / 続きはプロフィールのリンクから。,FALSE
paternity-leave-cooking-basics,childcare,育児研究所で、ひとつ調べてみました。 /  / 育休中の男性が覚えておきたい家庭料理の基本 /  / 育休中に料理を任される場面が増えても、何から覚えればいいか分からない人は多い。完璧を目指さず、続けやすい基本の考え方を整理する。 /  / 続きはプロフィールのリンクから。,FALSE
eiken-vs-toeic,english,英語研究所で、ひとつ調べてみました。 /  / 英検とTOEIC、どちらを受けるべきかの判断基準 /  / 英検とTOEICは測る力も評価される場面も異なる。どちらを受けるべきかは、目的によって判断が変わることを整理する。 /  / 続きはプロフィールのリンクから。,FALSE
life-insurance-review-timing,money,お金研究所で、ひとつ調べてみました。 /  / 生命保険の見直し、タイミングの目安 /  / 生命保険は加入した時のまま放置されやすいが、必要保障額はライフイベントごとに変化する。見直しを検討したいタイミングを整理する。 /  / 続きはプロフィールのリンクから。,FALSE
one-on-one-meeting-prep,career,キャリア研究所で、ひとつ調べてみました。 /  / 1on1で何を話せばいいか分からないときの準備法 /  / 1on1の時間を持て余してしまうのは、話す内容以前に準備の仕方が定まっていないことが原因になりやすい。事前に用意しておきたい項目を整理する。 /  / 続きはプロフィールのリンクから。,FALSE
ai-image-generation-copyright,ai,AI研究所で、ひとつ調べてみました。 /  / AI画像生成、商用利用で注意すべき著作権のポイント /  / AI生成画像の商用利用は年々広がっているが、著作権の扱いはツールごとに異なる。商用利用前に確認しておきたい注意点を整理する。 /  / 続きはプロフィールのリンクから。,FALSE
sleep-training-by-age,childcare,育児研究所で、ひとつ調べてみました。 /  / 子供の寝かしつけ、月齢別のコツと工夫 /  / 寝かしつけに悩む家庭は多いが、月齢によって赤ちゃんの睡眠の性質は変わっていく。月齢別の目安とよく挙げられる工夫を整理する。 /  / 続きはプロフィールのリンクから。,FALSE
english-app-comparison,english,英語研究所で、ひとつ調べてみました。 /  / 英語学習アプリ、続けやすさで選ぶ比較ポイント /  / 英語学習アプリは機能の多さで選ぶと挫折しやすい。続けやすさという観点から、比較しておきたいポイントを整理する。 /  / 続きはプロフィールのリンクから。,FALSE
credit-card-selection-mistakes,money,お金研究所で、ひとつ調べてみました。 /  / クレジットカード、ポイント還元率だけで選ぶと失敗する理由 /  / クレジットカードは還元率の高さだけで選ぶと、年会費や付帯条件とのバランスを見落としやすい。比較の際に確認しておきたい視点を整理する。 /  / 続きはプロフィールのリンクから。,FALSE
side-job-without-getting-caught,career,キャリア研究所で、ひとつ調べてみました。 /  / 副業、会社にバレずに始める前に確認すべきこと /  / 副業が会社に伝わる主な経路は住民税にある。始める前に、就業規則の確認と住民税の徴収方法という2つのポイントを整理する。 /  / 続きはプロフィールのリンクから。,FALSE
voice-input-ai-work-efficiency,ai,AI研究所で、ひとつ調べてみました。 /  / 音声入力AI、仕事の効率化に使える活用場面 /  / 音声入力AIはキーボード入力の代わりというより、場面によって使い分けることで効率化の効果が変わる。仕事で活かしやすい活用場面を整理する。 /  / 続きはプロフィールのリンクから。,FALSE
solo-parenting-burnout-prevention,childcare,育児研究所で、ひとつ調べてみました。 /  / ワンオペ育児、限界を感じる前にできる対策 /  / ワンオペ育児は限界を感じてから対策を探すと選択肢が限られやすい。余裕があるうちに準備しておきたい考え方と具体的な対策を整理する。 /  / 続きはプロフィールのリンクから。,FALSE
parent-child-english-when-to-start,english,英語研究所で、ひとつ調べてみました。 /  / 親子英語、何歳から始めて何から始めるべきか /  / 親子で英語を始めるとき、年齢によって適した取り組み方は変わる。効果の議論は別記事に譲り、実際に何から始めればいいかを年齢別に整理する。 /  / 続きはプロフィールのリンクから。,FALSE
insurance-vs-savings-priority,money,お金研究所で、ひとつ調べてみました。 /  / 保険と貯金、どちらを優先すべきかの考え方 /  / 保険と貯金はどちらも大切だが、家計に余裕がない場合は優先順位に迷いやすい。両者の役割の違いから考える整理の仕方を紹介する。 /  / 続きはプロフィールのリンクから。,FALSE
career-inventory-how-to,career,キャリア研究所で、ひとつ調べてみました。 /  / キャリアの棚卸し、初めてのやり方 /  / キャリアの棚卸しは転職活動の準備として語られがちだが、今の仕事を見つめ直すためにも役立つ。初めてでも取り組みやすい進め方を整理する。 /  / 続きはプロフィールのリンクから。,FALSE
ai-agent-work-usage,ai,AI研究所で、ひとつ調べてみました。 /  / AIエージェントとは何か、仕事にどう使えるか /  / 「AIエージェント」という言葉は広まっているが、通常のチャット型AIと何が違うのか分かりにくい。基本的な違いと、仕事での活用イメージを整理する。 /  / 続きはプロフィールのリンクから。,FALSE
bilingual-parenting-realistic-approach,childcare,育児研究所で、ひとつ調べてみました。 /  / バイリンガル育児、現実的な取り組み方 /  / バイリンガル育児は理想と現実のギャップに悩みやすいテーマでもある。よく知られる方法の限界も含めて、現実的な取り組み方を整理する。 /  / 続きはプロフィールのリンクから。,FALSE
early-english-education-effectiveness,english,英語研究所で、ひとつ調べてみました。 /  / 早期英語教育、効果はいつから出るのか /  / 早期英語教育は「始める年齢」の議論が中心になりがちだが、実際に効果を実感できるまでの期間についてはあまり語られていない。分かっていることと不確かなことを整理する。 /  / 続きはプロフィールのリンクから。,FALSE
side-business-tax-filing-threshold,money,お金研究所で、ひとつ調べてみました。 /  / 副業の確定申告、いくらから必要になるか /  / 副業の確定申告は「20万円ルール」として知られているが、住民税の扱いや所得区分など、誤解しやすいポイントもある。基本の考え方を整理する。 /  / 続きはプロフィールのリンクから。,FALSE
paid-leave-how-to-ask,career,キャリア研究所で、ひとつ調べてみました。 /  / 有給休暇、言い出しにくいときの伝え方 /  / 有給休暇は労働者の権利だが、職場の雰囲気によっては言い出しにくいと感じることがある。伝え方の工夫と、知っておきたい制度の基本を整理する。 /  / 続きはプロフィールのリンクから。,FALSE
ai-english-learning-how-to,ai,AI研究所で、ひとつ調べてみました。 /  / AIを使った英語学習法、何から始めるか /  / AIを英語学習に使うといっても、何から手をつければいいか分からない人は多い。実際に活用しやすい場面を、始めやすい順に整理する。 /  / 続きはプロフィールのリンクから。,FALSE
child-english-education-when-to-start,childcare,育児研究所で、ひとつ調べてみました。 /  / 子どもに英語、いつから始めるか(育児目線の判断基準) /  / 早期英語教育の効果に関する議論は英語研究所に譲り、ここでは育児の実務目線で「うちの子の場合はどうか」を判断するための視点を整理する。 /  / 続きはプロフィールのリンクから。,FALSE
english-immersion-environment-at-home,english,英語研究所で、ひとつ調べてみました。 /  / 家庭でできる英語環境の作り方 /  / 教室やアプリに頼らなくても、家庭の中で英語に触れる機会は作れる。今日からでも取り入れやすい具体的な工夫を整理する。 /  / 続きはプロフィールのリンクから。,FALSE
mortgage-down-payment-how-much,money,お金研究所で、ひとつ調べてみました。 /  / 住宅ローンの頭金、いくら用意すべきか /  / 住宅ローンの頭金は多いほど良いとは限らない。実際の平均額と、頭金を検討する際に押さえておきたい考え方を整理する。 /  / 続きはプロフィールのリンクから。,FALSE
remote-work-evaluation-concerns,career,キャリア研究所で、ひとつ調べてみました。 /  / 在宅勤務で評価されにくいと感じたときの対策 /  / 在宅勤務では、頑張っていても成果が見えにくく評価に反映されにくいと感じることがある。可視化のための具体的な工夫を整理する。 /  / 続きはプロフィールのリンクから。,FALSE
ai-writing-assistant-tips,ai,AI研究所で、ひとつ調べてみました。 /  / 生成AIで文章を書くときのコツ、初心者向け /  / 生成AIに文章を書かせても、期待通りの仕上がりにならないことは多い。初心者が押さえておきたい依頼の仕方の基本を整理する。 /  / 続きはプロフィールのリンクから。,FALSE
english-kids-classroom-how-to-choose,childcare,育児研究所で、ひとつ調べてみました。 /  / 子ども向け英語教室、選び方のポイント /  / 子ども向けの英語教室は数が多く、何を基準に選べばいいか迷いやすい。通室型の教室を選ぶ際に確認しておきたいポイントを整理する。 /  / 続きはプロフィールのリンクから。,FALSE
kids-online-english-conversation-merit,english,英語研究所で、ひとつ調べてみました。 /  / 子ども向けオンライン英会話のメリットと選び方 /  / 子ども向けオンライン英会話は通室型の教室と違う特徴を持つ。メリットと、選ぶ際に確認しておきたいポイントを整理する。 /  / 続きはプロフィールのリンクから。,FALSE
mortgage-early-repayment-timing,money,お金研究所で、ひとつ調べてみました。 /  / 住宅ローンの繰り上げ返済、タイミングの目安 /  / 繰り上げ返済は早いほど利息軽減効果が大きいとされるが、手元資金とのバランスも欠かせない。2つの返済方式とタイミングの考え方を整理する。 /  / 続きはプロフィールのリンクから。,FALSE
how-to-check-inside-company-before-changing-jobs,career,キャリア研究所で、ひとつ調べてみました。 /  / 転職で「こんなはずでは」を防ぐには。人事が教える、会社の中を見る方法 /  / 年収や求人票だけでは転職先の実態は分からない。転職後の「こんなはずでは」を防ぐために、会社の中の状況を確認する視点を整理する。 /  / 続きはプロフィールのリンクから。,FALSE
ai-generated-text-copyright-basics,ai,AI研究所で、ひとつ調べてみました。 /  / AIが作った文章の著作権は誰にあるか、仕事で使う前に知っておきたいこと /  / 生成AIで作った文章を仕事で使う機会が増えているが、著作権の扱いは曖昧に感じられやすい。基本的な考え方と、確認しておきたい視点を整理する。 /  / 続きはプロフィールのリンクから。,FALSE
baby-insurance-review-timing,childcare,育児研究所で、ひとつ調べてみました。 /  / 子どもが生まれたら、保険は何かが起きる前に考えたい /  / 子どもが生まれると、必要な保障の内容も金額も大きく変わる。何かが起きてから慌てないために、出産を機に確認しておきたい視点を整理する。 /  / 続きはプロフィールのリンクから。,FALSE
english-listening-plateau-habits,english,英語研究所で、ひとつ調べてみました。 /  / 英語のリスニングが伸びない人に共通する、聞き方の癖 /  / リスニング力が思うように伸びない人には、聞き方そのものに共通する癖があることが多い。学習量ではなく、聞き方の視点から整理する。 /  / 続きはプロフィールのリンクから。,FALSE
mortgage-loan-rejection-reasons,money,お金研究所で、ひとつ調べてみました。 /  / 住宅ローンの審査に通らない理由と対策 /  / 住宅ローンの審査に通らない理由は、年収だけでなく複数の要素が関係している。よくある原因と、事前にできる対策を整理する。 /  / 続きはプロフィールのリンクから。,FALSE
it-engineer-agent-mismatch-how-to-choose,career,キャリア研究所で、ひとつ調べてみました。 /  / ITエンジニアの転職、エージェント選びで結果が変わる理由 /  / ITエンジニアの転職市場は、求人が人材を上回る売り手市場が続いている。この構造は、候補者とのマッチングより送客数を優先するエージェントを生みやすい。両者の違いと、良いエージェントを見極める視点を整理する。 /  / 続きはプロフィールのリンクから。,FALSE
educational-toys-do-you-need-them,childcare,育児研究所で、ひとつ調べてみました。 /  / 知育玩具は本当に必要か、月齢の低いうちに大事なこと /  / 知育玩具は種類が多く、どれを選べばいいか、そもそも必要なのかも判断しづらい。月齢が低いうちに重視したい視点を整理する。 /  / 続きはプロフィールのリンクから。,FALSE
severance-pay-first-steps,money,お金研究所で、ひとつ調べてみました。 /  / 退職金を受け取ったら、まず確認したい3つのこと /  / 退職金は金額の大きさから、受け取った後の判断を急ぎたくなりやすい。まず確認しておきたい3つの視点を整理する。 /  / 続きはプロフィールのリンクから。,FALSE
consulting-firm-transfer-preparation,career,キャリア研究所で、ひとつ調べてみました。 /  / コンサル業界への転職、未経験から目指すなら何をすべきか /  / コンサル業界への転職は「地頭の良さ」だけで語られがちだが、地頭は前提であって、それだけで選考を通過できるわけではない。ケース面接・志望動機・業界研究など、訓練と準備で磨ける領域を整理する。 /  / 続きはプロフィールのリンクから。,FALSE
newborn-dad-gear-mom-appreciation,childcare,育児研究所で、ひとつ調べてみました。 /  / 新生児のパパが、ママにさらに愛されるために揃えたいグッズ5選 /  / 新生児期のグッズ選びは「可愛いもの」より「パパが自走できるもの」を軸にすると、結果的にママの負担を減らせる。夫婦で試してきた5つのカテゴリと選び方の視点を整理する。 /  / 続きはプロフィールのリンクから。,FALSE
consultant-why-transfer-now,career,キャリア研究所で、ひとつ調べてみました。 /  / 今、コンサルが転職しないといけない理由 /  / コンサル業界に在籍する人が、今のタイミングで転職を検討すべきと言われる背景には、市場構造の変化がある。焦らせるためではなく、判断材料として整理する。 /  / 続きはプロフィールのリンクから。,FALSE
dad-notice-and-act-parenting-habit,childcare,育児研究所で、ひとつ調べてみました。 /  / 「手伝う」ではなく「気づいて動く」——ママに信頼されるパパの育児習慣 /  / 「育児を手伝う」という姿勢と「気づいて動く」という姿勢では、ママからの信頼のされ方が変わりやすい。日々の育児で実践しやすい視点を整理する。 /  / 続きはプロフィールのリンクから。,FALSE
reference-check-what-to-expect,career,キャリア研究所で、ひとつ調べてみました。 /  / 転職のリファレンスチェック、何を聞かれる？落ちることはあるか /  / リファレンスチェックは選考の最終段階で行われることが多いが、何を聞かれるのか、落ちることがあるのか、実態が分かりにくい。基本的な流れと確認したい視点を整理する。 /  / 続きはプロフィールのリンクから。,FALSE
night-crying-baby-monitor-camera,childcare,育児研究所で、ひとつ調べてみました。 /  / 夜泣き対応、パパが率先するために見守りカメラを導入した結果 /  / 夜泣き対応をパパが率先するには、ママより先に気づける仕組みが助けになる。見守りカメラという選択肢を、導入シーンとともに整理する。 /  / 続きはプロフィールのリンクから。,FALSE
salary-negotiation-interviewer-perspective,career,キャリア研究所で、ひとつ調べてみました。 /  / 年収交渉されたとき、面接官は本当にどう思っているか /  / 年収交渉は候補者向けのテクニック論で語られがちだが、面接官・採用側が実際にどう受け止めているかという視点は語られにくい。採用側の本音を軸に整理する。 /  / 続きはプロフィールのリンクから。,FALSE
postpartum-crisis-prevention-new-dad,childcare,育児研究所で、ひとつ調べてみました。 /  / 産後クライシスを防ぐ、新米パパが今日からできる5つの行動 /  / 産後クライシスは夫婦関係の危機ではなく、産後特有の負荷から起きる自然な現象と捉えられる。新米パパが今日から取り組める5つの行動を整理する。 /  / 続きはプロフィールのリンクから。,FALSE
